symbol,tradetime,open,high,low,close,volume
AAPL,2016-10-12 13:30:00,117.7,117.72,117.61,117.7,905340
AAPL,2016-10-12 13:32:00,118.12,118.13,117.61,117.6699,1867024
AAPL,2016-10-12 13:34:00,118.52,118.6,118.11,118.115,1427908
AAPL,2016-10-12 13:36:00,118.2776,118.53,118.26,118.53,780856
AAPL,2016-10-12 13:38:00,118.28,118.41,118.23,118.28,806364
AAPL,2016-10-12 13:40:00,118.47,118.55,118.27,118.28,795170
AAPL,2016-10-12 13:42:00,118.535,118.6,118.34,118.47,581720
AAPL,2016-10-12 13:44:00,118.3699,118.54,118.32,118.535,556946
AAPL,2016-10-12 13:46:00,118.5689,118.57,118.37,118.37,575312
AAPL,2016-10-12 13:48:00,118.57,118.69,118.51,118.565,685440
AAPL,2016-10-12 13:50:00,118.45,118.65,118.4,118.57,582034
AAPL,2016-10-12 13:52:00,118.05,118.46,118.02,118.445,958258
AAPL,2016-10-12 13:54:00,118.1498,118.1699,118.03,118.06,555056
AAPL,2016-10-12 13:56:00,117.8,118.15,117.72,118.1401,782480
AAPL,2016-10-12 13:58:00,117.9521,117.99,117.7999,117.7999,562843
AAPL,2016-10-12 14:00:00,118.149,118.16,117.95,117.95,478427
AAPL,2016-10-12 14:02:00,117.8964,118.14,117.82,118.14,509765
AAPL,2016-10-12 14:04:00,117.7399,117.9,117.69,117.9,399257
AAPL,2016-10-12 14:06:00,117.8227,117.95,117.73,117.73,319935
AAPL,2016-10-12 14:08:00,117.7001,117.89,117.67,117.83,405243
AAPL,2016-10-12 14:10:00,117.72,117.77,117.53,117.72,358020
AAPL,2016-10-12 14:12:00,117.63,117.74,117.59,117.7,320929
AAPL,2016-10-12 14:14:00,117.425,117.63,117.29,117.63,707468
AAPL,2016-10-12 14:16:00,117.4,117.48,117.34,117.4259,349261
AAPL,2016-10-12 14:18:00,117.25,117.43,117.21,117.41,367511
AAPL,2016-10-12 14:20:00,117.38,117.4,117.23,117.25,289258
AAPL,2016-10-12 14:22:00,117.478,117.4884,117.3499,117.3763,337114
AAPL,2016-10-12 14:24:00,117.5348,117.555,117.42,117.4748,263714
AAPL,2016-10-12 14:26:00,117.55,117.63,117.52,117.54,238264
AAPL,2016-10-12 14:28:00,117.659,117.675,117.54,117.55,214979
AAPL,2016-10-12 14:30:00,117.68,117.7,117.54,117.656,271296
AAPL,2016-10-12 14:32:00,117.63,117.8133,117.6,117.68,412218
AAPL,2016-10-12 14:34:00,117.65,117.72,117.585,117.6211,155138
AAPL,2016-10-12 14:36:00,117.65,117.69,117.575,117.66,201117
AAPL,2016-10-12 14:38:00,117.59,117.65,117.56,117.65,154150
AAPL,2016-10-12 14:40:00,117.635,117.65,117.59,117.5989,146438
AAPL,2016-10-12 14:42:00,117.765,117.77,117.61,117.635,216863
AAPL,2016-10-12 14:44:00,117.79,117.84,117.72,117.76,175949
AAPL,2016-10-12 14:46:00,117.78,117.83,117.755,117.78,187811
AAPL,2016-10-12 14:48:00,117.785,117.8,117.7313,117.7762,138562
AAPL,2016-10-12 14:50:00,117.77,117.83,117.74,117.78,127398
AAPL,2016-10-12 14:52:00,117.68,117.765,117.64,117.76,199825
AAPL,2016-10-12 14:54:00,117.7348,117.79,117.665,117.685,139081
AAPL,2016-10-12 14:56:00,117.71,117.79,117.69,117.7366,96648
AAPL,2016-10-12 14:58:00,117.695,117.76,117.69,117.71,136439
AAPL,2016-10-12 15:00:00,117.5348,117.69,117.53,117.69,197427
AAPL,2016-10-12 15:02:00,117.5562,117.59,117.51,117.53,105244
AAPL,2016-10-12 15:04:00,117.495,117.576,117.46,117.555,158843
AAPL,2016-10-12 15:06:00,117.655,117.67,117.49,117.4943,179369
AAPL,2016-10-12 15:08:00,117.59,117.65,117.53,117.65,103880
AAPL,2016-10-12 15:10:00,117.5539,117.59,117.49,117.58,3178477
AAPL,2016-10-12 15:12:00,117.54,117.58,117.46,117.555,199844
AAPL,2016-10-12 15:14:00,117.442,117.55,117.44,117.53,121474
AAPL,2016-10-12 15:16:00,117.415,117.46,117.36,117.44,304672
AAPL,2016-10-12 15:18:00,117.36,117.44,117.33,117.41,145530
AAPL,2016-10-12 15:20:00,117.395,117.46,117.25,117.355,272423
AAPL,2016-10-12 15:22:00,117.21,117.4,117.21,117.39,336596
AAPL,2016-10-12 15:24:00,117.15,117.27,117.15,117.22,345195
AAPL,2016-10-12 15:26:00,117.3,117.35,117.14,117.15,378902
AAPL,2016-10-12 15:28:00,117.2,117.31,117.14,117.31,226732
AAPL,2016-10-12 15:30:00,117.14,117.205,117.061,117.205,348251
AAPL,2016-10-12 15:32:00,117.04,117.17,116.99,117.14,540253
AAPL,2016-10-12 15:34:00,117.09,117.21,117.02,117.04,386748
AAPL,2016-10-12 15:36:00,117.3,117.305,117.09,117.09,335056
AAPL,2016-10-12 15:38:00,117.33,117.43,117.29,117.301,316670
AAPL,2016-10-12 15:40:00,117.34,117.37,117.28,117.32,149684
AAPL,2016-10-12 15:42:00,117.235,117.36,117.23,117.34,204959
AAPL,2016-10-12 15:44:00,117.22,117.285,117.2,117.24,146131
AAPL,2016-10-12 15:46:00,117.23,117.32,117.22,117.22,133641
AAPL,2016-10-12 15:48:00,117.14,117.23,117.12,117.225,139191
AAPL,2016-10-12 15:50:00,117.12,117.16,117.06,117.13,146939
AAPL,2016-10-12 15:52:00,117.04,117.1399,117.03,117.11,136303
AAPL,2016-10-12 15:54:00,117.13,117.13,117,117.03,231259
AAPL,2016-10-12 15:56:00,117.115,117.18,117.08,117.1247,163192
AAPL,2016-10-12 15:58:00,117.13,117.17,117.03,117.11,250352
AAPL,2016-10-12 16:00:00,117.14,117.155,117.05,117.13,159836
AAPL,2016-10-12 16:02:00,117.18,117.2,117.13,117.14,172522
AAPL,2016-10-12 16:04:00,117.08,117.185,117.06,117.185,117975
AAPL,2016-10-12 16:06:00,117.09,117.11,117.04,117.0845,121837
AAPL,2016-10-12 16:08:00,117.076,117.14,117.07,117.086,153577
AAPL,2016-10-12 16:10:00,116.97,117.085,116.96,117.076,251606
AAPL,2016-10-12 16:12:00,116.76,116.98,116.75,116.9701,553840
AAPL,2016-10-12 16:14:00,116.8562,116.9,116.76,116.77,258188
AAPL,2016-10-12 16:16:00,116.841,116.86,116.72,116.855,235737
AAPL,2016-10-12 16:18:00,116.8301,116.844,116.73,116.844,150828
AAPL,2016-10-12 16:20:00,116.9901,117,116.82,116.83,216531
AAPL,2016-10-12 16:22:00,116.8723,117,116.8599,116.99,184591
AAPL,2016-10-12 16:24:00,116.92,116.97,116.86,116.87,144374
AAPL,2016-10-12 16:26:00,116.88,116.9153,116.86,116.9153,88223
AAPL,2016-10-12 16:28:00,116.84,116.91,116.82,116.89,118682
AAPL,2016-10-12 16:30:00,116.88,116.89,116.81,116.8401,125201
AAPL,2016-10-12 16:32:00,116.83,116.91,116.82,116.88,96592
AAPL,2016-10-12 16:34:00,116.825,116.86,116.8,116.82,85703
AAPL,2016-10-12 16:36:00,116.74,116.825,116.73,116.82,130032
AAPL,2016-10-12 16:38:00,116.695,116.84,116.67,116.74,199639
AAPL,2016-10-12 16:40:00,116.85,116.87,116.6639,116.69,152360
AAPL,2016-10-12 16:42:00,117.07,117.1,116.83,116.84,336539
AAPL,2016-10-12 16:44:00,117.0597,117.13,117.04,117.07,223960
AAPL,2016-10-12 16:46:00,117.184,117.23,117.055,117.06,210774
AAPL,2016-10-12 16:48:00,117.12,117.2,117.09,117.19,138775
AAPL,2016-10-12 16:50:00,117.185,117.23,117.1107,117.1107,165254
AAPL,2016-10-12 16:52:00,117.35,117.43,117.1808,117.19,432273
AAPL,2016-10-12 16:54:00,117.379,117.38,117.3,117.34,145337
AAPL,2016-10-12 16:56:00,117.3,117.375,117.26,117.375,147620
AAPL,2016-10-12 16:58:00,117.22,117.34,117.21,117.3,146020
AAPL,2016-10-12 17:00:00,117.3089,117.33,117.2,117.2244,186621
AAPL,2016-10-12 17:02:00,117.21,117.3,117.13,117.3,207615
AAPL,2016-10-12 17:04:00,117.15,117.21,117.11,117.21,125111
AAPL,2016-10-12 17:06:00,117.13,117.17,117.11,117.155,89858
AAPL,2016-10-12 17:08:00,117.13,117.16,117.1037,117.13,97310
AAPL,2016-10-12 17:10:00,117.065,117.14,117,117.1358,185375
AAPL,2016-10-12 17:12:00,117.02,117.095,116.9999,117.07,110852
AAPL,2016-10-12 17:14:00,116.93,117.02,116.8535,117.015,308392
AAPL,2016-10-12 17:16:00,116.836,116.92,116.83,116.92,111742
AAPL,2016-10-12 17:18:00,116.849,116.88,116.78,116.835,172548
AAPL,2016-10-12 17:20:00,116.87,116.91,116.7935,116.85,113605
AAPL,2016-10-12 17:22:00,116.86,116.93,116.85,116.87,123590
AAPL,2016-10-12 17:24:00,116.86,116.86,116.78,116.86,128692
AAPL,2016-10-12 17:26:00,116.83,116.87,116.8,116.86,110626
AAPL,2016-10-12 17:28:00,116.87,116.89,116.84,116.84,101893
AAPL,2016-10-12 17:30:00,116.92,116.99,116.85,116.87,199868
AAPL,2016-10-12 17:32:00,116.83,116.925,116.83,116.925,169785
AAPL,2016-10-12 17:34:00,116.81,116.85,116.73,116.83,169240
AAPL,2016-10-12 17:36:00,116.74,116.84,116.7227,116.82,116344
AAPL,2016-10-12 17:38:00,116.74,116.78,116.71,116.74,135567
AAPL,2016-10-12 17:40:00,116.7562,116.785,116.73,116.74,158025
AAPL,2016-10-12 17:42:00,116.74,116.8,116.73,116.751,124671
AAPL,2016-10-12 17:44:00,116.71,116.7659,116.7,116.74,113377
AAPL,2016-10-12 17:46:00,116.6,116.7399,116.6,116.71,290381
AAPL,2016-10-12 17:48:00,116.72,116.75,116.59,116.6,229465
AAPL,2016-10-12 17:50:00,116.6207,116.721,116.56,116.721,154144
AAPL,2016-10-12 17:52:00,116.57,116.67,116.56,116.63,132516
AAPL,2016-10-12 17:54:00,116.5807,116.605,116.51,116.58,190670
AAPL,2016-10-12 17:56:00,116.581,116.6,116.5,116.585,266861
AAPL,2016-10-12 17:58:00,116.46,116.63,116.46,116.59,199639
AAPL,2016-10-12 18:00:00,116.42,116.47,116.365,116.465,225649
AAPL,2016-10-12 18:02:00,116.3599,116.43,116.3,116.43,198374
AAPL,2016-10-12 18:04:00,116.37,116.399,116.31,116.35,203987
AAPL,2016-10-12 18:06:00,116.41,116.53,116.37,116.37,382669
AAPL,2016-10-12 18:08:00,116.31,116.4099,116.3,116.4099,194999
AAPL,2016-10-12 18:10:00,116.46,116.49,116.3101,116.3101,198864
AAPL,2016-10-12 18:12:00,116.4118,116.5259,116.38,116.45,146895
AAPL,2016-10-12 18:14:00,116.38,116.43,116.35,116.409,141276
AAPL,2016-10-12 18:16:00,116.35,116.42,116.334,116.39,126708
AAPL,2016-10-12 18:18:00,116.2367,116.35,116.2,116.34,353684
AAPL,2016-10-12 18:20:00,116.355,116.37,116.2,116.24,279659
AAPL,2016-10-12 18:22:00,116.28,116.372,116.26,116.35,186986
AAPL,2016-10-12 18:24:00,116.3372,116.38,116.28,116.28,152375
AAPL,2016-10-12 18:26:00,116.45,116.52,116.33,116.33,243949
AAPL,2016-10-12 18:28:00,116.4747,116.53,116.42,116.46,218986
AAPL,2016-10-12 18:30:00,116.52,116.57,116.43,116.479,128072
AAPL,2016-10-12 18:32:00,116.45,116.552,116.4,116.5239,181612
AAPL,2016-10-12 18:34:00,116.3863,116.45,116.38,116.4,125119
AAPL,2016-10-12 18:36:00,116.45,116.47,116.37,116.38,95955
AAPL,2016-10-12 18:38:00,116.37,116.45,116.35,116.449,121929
AAPL,2016-10-12 18:40:00,116.42,116.4441,116.37,116.37,88767
AAPL,2016-10-12 18:42:00,116.37,116.4487,116.33,116.42,100232
AAPL,2016-10-12 18:44:00,116.38,116.42,116.34,116.38,104809
AAPL,2016-10-12 18:46:00,116.5,116.5262,116.38,116.3838,173100
AAPL,2016-10-12 18:48:00,116.56,116.62,116.5,116.5,269716
AAPL,2016-10-12 18:50:00,116.6837,116.71,116.55,116.566,203091
AAPL,2016-10-12 18:52:00,116.64,116.71,116.63,116.68,167590
AAPL,2016-10-12 18:54:00,116.66,116.66,116.55,116.6461,140925
AAPL,2016-10-12 18:56:00,116.635,116.72,116.63,116.66,126725
AAPL,2016-10-12 18:58:00,116.52,116.66,116.51,116.6314,189706
AAPL,2016-10-12 19:00:00,116.51,116.58,116.5,116.5207,133625
AAPL,2016-10-12 19:02:00,116.42,116.52,116.41,116.51,148032
AAPL,2016-10-12 19:04:00,116.41,116.4872,116.4,116.42,140955
AAPL,2016-10-12 19:06:00,116.4,116.44,116.39,116.4195,139124
AAPL,2016-10-12 19:08:00,116.31,116.39,116.28,116.39,179074
AAPL,2016-10-12 19:10:00,116.315,116.36,116.27,116.31,157685
AAPL,2016-10-12 19:12:00,116.355,116.38,116.307,116.31,134461
AAPL,2016-10-12 19:14:00,116.4414,116.46,116.35,116.35,170418
AAPL,2016-10-12 19:16:00,116.36,116.45,116.34,116.445,126905
AAPL,2016-10-12 19:18:00,116.355,116.4,116.34,116.36,123675
AAPL,2016-10-12 19:20:00,116.485,116.55,116.355,116.36,330989
AAPL,2016-10-12 19:22:00,116.56,116.63,116.47,116.49,285403
AAPL,2016-10-12 19:24:00,116.6,116.62,116.525,116.57,168217
AAPL,2016-10-12 19:26:00,116.56,116.66,116.55,116.59,186871
AAPL,2016-10-12 19:28:00,116.47,116.6,116.47,116.56,213192
AAPL,2016-10-12 19:30:00,116.49,116.49,116.41,116.475,193888
AAPL,2016-10-12 19:32:00,116.405,116.5,116.4,116.49,135874
AAPL,2016-10-12 19:34:00,116.43,116.48,116.4,116.4041,133947
AAPL,2016-10-12 19:36:00,116.36,116.44,116.32,116.43,189216
AAPL,2016-10-12 19:38:00,116.4537,116.46,116.3,116.3599,255079
AAPL,2016-10-12 19:40:00,116.42,116.4793,116.41,116.455,153066
AAPL,2016-10-12 19:42:00,116.41,116.53,116.4,116.42,189098
AAPL,2016-10-12 19:44:00,116.39,116.46,116.34,116.42,238782
AAPL,2016-10-12 19:46:00,116.42,116.44,116.36,116.38,238515
AAPL,2016-10-12 19:48:00,116.452,116.49,116.41,116.42,147999
AAPL,2016-10-12 19:50:00,116.485,116.58,116.455,116.46,296016
AAPL,2016-10-12 19:52:00,116.4401,116.53,116.44,116.49,317085
AAPL,2016-10-12 19:54:00,116.3923,116.456,116.38,116.4422,348477
AAPL,2016-10-12 19:56:00,116.375,116.42,116.37,116.395,321796
AAPL,2016-10-12 19:58:00,116.365,116.43,116.3,116.38,494230
AAPL,2016-10-12 20:00:00,116.36,116.45,116.27,116.36,3734315
GOOG,2016-10-12 13:30:00,786.75,786.75,786.66,786.66,15346
GOOG,2016-10-12 13:32:00,787.78,788.06,786.12,786.79,6188
GOOG,2016-10-12 13:34:00,788.3,789.35,787.6,787.8308,19050
GOOG,2016-10-12 13:36:00,790,790,788.368,788.6,7455
GOOG,2016-10-12 13:38:00,790.14,791.525,790.03,790.26,10424
GOOG,2016-10-12 13:40:00,790,790.83,789.48,790.43,14946
GOOG,2016-10-12 13:42:00,790.29,790.296,789.71,790.02,3816
GOOG,2016-10-12 13:44:00,790.07,790.26,788.802,790.26,11723
GOOG,2016-10-12 13:46:00,789.361,790.28,789.361,790.2,4394
GOOG,2016-10-12 13:48:00,788.03,789.86,788.01,789.79,7539
GOOG,2016-10-12 13:50:00,788.75,788.87,787.95,788.01,5994
GOOG,2016-10-12 13:52:00,787.71,788.935,787.535,788.4,14841
GOOG,2016-10-12 13:54:00,787.66,788.1,787.53,787.85,5404
GOOG,2016-10-12 13:56:00,787.66,787.7847,787.001,787.7847,7830
GOOG,2016-10-12 13:58:00,787.53,787.7,787.03,787.5,5196
GOOG,2016-10-12 14:00:00,788.082,788.15,787.52,787.52,6338
GOOG,2016-10-12 14:02:00,787.56,788.1,787.51,787.76,7404
GOOG,2016-10-12 14:04:00,788.265,788.265,787.27,787.62,10056
GOOG,2016-10-12 14:06:00,789.47,789.755,788.2399,788.2399,10275
GOOG,2016-10-12 14:08:00,789.465,789.465,788.71,789,5347
GOOG,2016-10-12 14:10:00,789.21,789.68,789.13,789.35,3700
GOOG,2016-10-12 14:12:00,789.23,789.53,788.58,789.2,6000
GOOG,2016-10-12 14:14:00,788.66,789.13,787.91,789,8955
GOOG,2016-10-12 14:16:00,789.16,789.37,788.46,788.46,3333
GOOG,2016-10-12 14:18:00,789.43,789.612,788.98,789.1,2950
GOOG,2016-10-12 14:20:00,789.61,789.647,789.31,789.3478,3002
GOOG,2016-10-12 14:22:00,790.38,790.4,789.44,789.64,7727
GOOG,2016-10-12 14:24:00,789.84,790.39,789.625,790.24,12713
GOOG,2016-10-12 14:26:00,790.01,790.4,789.71,789.73,8640
GOOG,2016-10-12 14:28:00,790.92,791.01,790,790.105,6526
GOOG,2016-10-12 14:30:00,791.22,791.6999,790.98,791.14,6550
GOOG,2016-10-12 14:32:00,791.32,791.44,791.07,791.245,4110
GOOG,2016-10-12 14:34:00,791.885,792.01,790.95,791.08,8075
GOOG,2016-10-12 14:36:00,791.5,792.28,791.24,791.93,4950
GOOG,2016-10-12 14:38:00,791.2,791.42,790.95,791.42,2053
GOOG,2016-10-12 14:40:00,790.0396,791.3,789.9,791.3,8842
GOOG,2016-10-12 14:42:00,789.99,790.21,789.37,789.93,4000
GOOG,2016-10-12 14:44:00,789.84,790.11,789.44,789.985,5256
GOOG,2016-10-12 14:46:00,789.0049,789.85,789.0049,789.8,9560
GOOG,2016-10-12 14:48:00,789.1201,789.4,789.02,789.02,4500
GOOG,2016-10-12 14:50:00,789.455,789.54,789.14,789.2361,3686
GOOG,2016-10-12 14:52:00,788.6742,789.32,788.52,789.32,9695
GOOG,2016-10-12 14:54:00,788.2061,788.6514,788.15,788.63,3419
GOOG,2016-10-12 14:56:00,788.09,788.34,788.09,788.275,3900
GOOG,2016-10-12 14:58:00,788,788.3,788,788.09,3970
GOOG,2016-10-12 15:00:00,786.6,787.75,786.37,787.59,7064
GOOG,2016-10-12 15:02:00,786.45,786.93,786.12,786.12,3000
GOOG,2016-10-12 15:04:00,785.425,786.46,785.0601,786.46,8788
GOOG,2016-10-12 15:06:00,786.1708,786.41,785.44,785.87,5743
GOOG,2016-10-12 15:08:00,785.795,786.5596,785.795,786.27,5190
GOOG,2016-10-12 15:10:00,785.324,785.91,785.1,785.91,3575
GOOG,2016-10-12 15:12:00,785.9001,786.2,785.2575,785.3,3100
GOOG,2016-10-12 15:14:00,785.75,785.94,785.3,785.94,3954
GOOG,2016-10-12 15:16:00,785.155,785.75,785.155,785.75,1700
GOOG,2016-10-12 15:18:00,784.574,785.1401,784.574,785.1401,4277
GOOG,2016-10-12 15:20:00,784.45,784.52,783.67,784.52,4789
GOOG,2016-10-12 15:22:00,783.59,784.108,783.59,784.108,1000
GOOG,2016-10-12 15:24:00,784.085,784.37,783.664,783.9,3220
GOOG,2016-10-12 15:26:00,784.8,784.99,783.985,784.14,4831
GOOG,2016-10-12 15:28:00,784.85,784.97,784.55,784.92,5054
GOOG,2016-10-12 15:30:00,784.7,784.99,784.48,784.775,16057
GOOG,2016-10-12 15:32:00,784.95,785.26,784.75,784.87,3113
GOOG,2016-10-12 15:34:00,785.1,785.1,784.79,785.1,6982
GOOG,2016-10-12 15:36:00,785.28,785.55,784.84,784.84,10764
GOOG,2016-10-12 15:38:00,785.27,785.68,785.24,785.24,1502
GOOG,2016-10-12 15:40:00,785.57,785.57,785.365,785.365,600
GOOG,2016-10-12 15:42:00,785.4582,785.72,785.25,785.72,1800
GOOG,2016-10-12 15:44:00,785.12,785.48,785.12,785.48,1772
GOOG,2016-10-12 15:46:00,785.34,785.57,785.34,785.34,700
GOOG,2016-10-12 15:48:00,784.9,785.15,784.9,785.15,1698
GOOG,2016-10-12 15:50:00,784.88,784.91,784.452,784.84,1950
GOOG,2016-10-12 15:52:00,784.8,784.8,784.57,784.63,3200
GOOG,2016-10-12 15:54:00,785.18,785.24,784.73,784.73,1800
GOOG,2016-10-12 15:56:00,785.19,785.48,784.97,784.97,2400
GOOG,2016-10-12 15:58:00,784.9,785,784.335,785,1200
GOOG,2016-10-12 16:00:00,784.88,785.11,784.855,785.07,1100
GOOG,2016-10-12 16:02:00,785.19,785.35,784.91,784.91,1000
GOOG,2016-10-12 16:04:00,785.06,785.2,784.43,785.03,4099
GOOG,2016-10-12 16:06:00,785,785.0192,784.82,784.82,729
GOOG,2016-10-12 16:08:00,785.35,785.45,785.02,785.024,8768
GOOG,2016-10-12 16:10:00,785.22,785.66,785.03,785.36,3200
GOOG,2016-10-12 16:12:00,784.85,785.42,784.85,785.3199,8083
GOOG,2016-10-12 16:14:00,785.025,785.49,785.025,785.05,870
GOOG,2016-10-12 16:16:00,785.04,785.22,784.8,785.06,2200
GOOG,2016-10-12 16:18:00,785,785.35,784.99,785.18,2400
GOOG,2016-10-12 16:20:00,785.3819,785.72,785.14,785.215,3310
GOOG,2016-10-12 16:22:00,785.32,785.9,785.32,785.63,850
GOOG,2016-10-12 16:24:00,785.45,785.65,785.31,785.325,900
GOOG,2016-10-12 16:26:00,785.06,785.23,784.975,785.13,900
GOOG,2016-10-12 16:28:00,784.5,785.04,784.5,785.04,2200
GOOG,2016-10-12 16:30:00,785.05,785.05,784.7204,784.7204,400
GOOG,2016-10-12 16:32:00,784.93,785.09,784.93,784.97,1000
GOOG,2016-10-12 16:34:00,784.8,785.1,784.8,785.1,1800
GOOG,2016-10-12 16:36:00,784.3,784.88,784.3,784.88,1650
GOOG,2016-10-12 16:38:00,784,784.34,783.82,784.25,2600
GOOG,2016-10-12 16:40:00,784.9,784.9,783.88,784.02,1300
GOOG,2016-10-12 16:42:00,785.61,785.8599,785.12,785.12,2900
GOOG,2016-10-12 16:44:00,785.27,785.75,785.17,785.4865,1300
GOOG,2016-10-12 16:46:00,785.3625,785.49,785.2128,785.33,2077
GOOG,2016-10-12 16:48:00,785.5,785.5,785.29,785.32,1000
GOOG,2016-10-12 16:50:00,785.55,785.8,785.46,785.64,2050
GOOG,2016-10-12 16:52:00,785.4,785.57,785.1,785.267,1952
GOOG,2016-10-12 16:54:00,785.26,785.5,785.26,785.26,800
GOOG,2016-10-12 16:56:00,785.14,785.33,785.14,785.33,1005
GOOG,2016-10-12 16:58:00,784.835,785.15,784.835,785.121,5714
GOOG,2016-10-12 17:00:00,785.1799,785.1799,785.09,785.09,200
GOOG,2016-10-12 17:02:00,784.54,784.89,784.5,784.82,970
GOOG,2016-10-12 17:04:00,784.09,784.52,784.09,784.29,3100
GOOG,2016-10-12 17:06:00,783.52,784.2255,783.52,784.22,4794
GOOG,2016-10-12 17:08:00,784.41,784.41,783.54,783.66,1751
GOOG,2016-10-12 17:10:00,783.93,784.05,783.5,784.05,2290
GOOG,2016-10-12 17:12:00,783.75,783.92,783.61,783.92,3200
GOOG,2016-10-12 17:14:00,783.04,783.91,782.51,783.6,9061
GOOG,2016-10-12 17:16:00,782.8,783.13,782.78,782.811,1837
GOOG,2016-10-12 17:18:00,783.73,784.03,782.83,782.83,9425
GOOG,2016-10-12 17:20:00,784.01,784.41,783.83,783.98,5172
GOOG,2016-10-12 17:22:00,784.01,784.01,783.99,784,300
GOOG,2016-10-12 17:24:00,784.55,784.55,784.15,784.15,1300
GOOG,2016-10-12 17:26:00,784.331,784.331,784.331,784.331,220
GOOG,2016-10-12 17:28:00,784.59,784.78,784.26,784.51,1800
GOOG,2016-10-12 17:30:00,784.5,784.98,784.4,784.97,1000
GOOG,2016-10-12 17:32:00,783.66,784.36,783.66,784.32,2652
GOOG,2016-10-12 17:34:00,784.08,784.08,783.45,783.48,1100
GOOG,2016-10-12 17:36:00,783.825,784.05,783.825,784,900
GOOG,2016-10-12 17:38:00,784,784.16,783.8116,783.8116,1600
GOOG,2016-10-12 17:40:00,783.096,783.76,783.096,783.76,8900
GOOG,2016-10-12 17:42:00,783.655,783.655,783.28,783.28,1000
GOOG,2016-10-12 17:44:00,783.19,783.635,783.19,783.635,400
GOOG,2016-10-12 17:46:00,782.625,783.2429,782.54,783.2429,2708
GOOG,2016-10-12 17:48:00,783.05,783.11,782.52,782.53,2892
GOOG,2016-10-12 17:50:00,782.5,782.988,782.5,782.98,2776
GOOG,2016-10-12 17:52:00,782.63,782.94,782.63,782.68,700
GOOG,2016-10-12 17:54:00,782.81,783.11,782.69,782.79,1500
GOOG,2016-10-12 17:56:00,782.76,783.24,782.76,783.13,1600
GOOG,2016-10-12 17:58:00,782.57,783.01,782.57,782.82,3430
GOOG,2016-10-12 18:00:00,782.28,782.8243,782.17,782.8243,3471
GOOG,2016-10-12 18:02:00,782.4,782.68,782.31,782.35,1044
GOOG,2016-10-12 18:04:00,782.52,782.74,782.49,782.49,800
GOOG,2016-10-12 18:06:00,782.62,782.859,782.6,782.859,1050
GOOG,2016-10-12 18:08:00,782.96,782.97,782.24,782.3,4400
GOOG,2016-10-12 18:10:00,783.18,783.35,782.9,782.93,4062
GOOG,2016-10-12 18:12:00,782.6,783.36,782.6,783.28,4431
GOOG,2016-10-12 18:14:00,782.58,782.5835,782.45,782.5835,500
GOOG,2016-10-12 18:16:00,782.3798,782.94,782.16,782.65,1932
GOOG,2016-10-12 18:18:00,781.91,782.17,781.51,782.17,14226
GOOG,2016-10-12 18:20:00,781.598,781.89,781.14,781.89,5184
GOOG,2016-10-12 18:22:00,781.09,781.39,780.87,781.3001,7779
GOOG,2016-10-12 18:24:00,781.23,781.47,780.9901,781.055,2054
GOOG,2016-10-12 18:26:00,781.79,782.08,781.0401,781.0401,5100
GOOG,2016-10-12 18:28:00,781.47,781.57,781.4238,781.57,813
GOOG,2016-10-12 18:30:00,780.99,781.3674,780.99,781.3674,5200
GOOG,2016-10-12 18:32:00,780.7,780.9899,780.65,780.91,9850
GOOG,2016-10-12 18:34:00,781.1136,781.24,780.58,780.58,1630
GOOG,2016-10-12 18:36:00,781.58,781.58,780.93,780.93,1800
GOOG,2016-10-12 18:38:00,781.1188,781.58,781.1,781.58,1765
GOOG,2016-10-12 18:40:00,780.98,781.13,780.68,781.13,1800
GOOG,2016-10-12 18:42:00,781.5196,781.5326,781.23,781.26,1100
GOOG,2016-10-12 18:44:00,781.81,781.8299,781.5,781.66,1450
GOOG,2016-10-12 18:46:00,782.3244,782.4208,781.67,781.67,1720
GOOG,2016-10-12 18:48:00,782.51,782.85,782.35,782.51,2400
GOOG,2016-10-12 18:50:00,782.67,782.92,782.47,782.48,3400
GOOG,2016-10-12 18:52:00,782.16,782.67,781.94,782.67,3700
GOOG,2016-10-12 18:54:00,782.11,782.15,781.8,782.111,1600
GOOG,2016-10-12 18:56:00,782.57,782.57,782.06,782.27,2300
GOOG,2016-10-12 18:58:00,781.9,782.63,781.85,782.63,2900
GOOG,2016-10-12 19:00:00,781.96,782.57,781.93,782.11,1667
GOOG,2016-10-12 19:02:00,781.92,782.03,781.8,781.92,1722
GOOG,2016-10-12 19:04:00,781.95,782.22,781.9245,781.9245,2500
GOOG,2016-10-12 19:06:00,781.66,782.09,781.66,782.09,3300
GOOG,2016-10-12 19:08:00,781.3389,781.7,781.15,781.66,4300
GOOG,2016-10-12 19:10:00,782.5,782.5,781.57,781.59,4172
GOOG,2016-10-12 19:12:00,782.04,782.5,782.04,782.44,3945
GOOG,2016-10-12 19:14:00,782.39,782.6,782.02,782.02,1300
GOOG,2016-10-12 19:16:00,781.97,782.56,781.7,782.56,3481
GOOG,2016-10-12 19:18:00,781.85,782.18,781.85,782.13,895
GOOG,2016-10-12 19:20:00,782.96,782.96,781.965,782.01,4502
GOOG,2016-10-12 19:22:00,783.09,783.49,782.98,782.98,3200
GOOG,2016-10-12 19:24:00,783.16,783.5,783.07,783.07,1800
GOOG,2016-10-12 19:26:00,783.57,783.81,783.21,783.21,5474
GOOG,2016-10-12 19:28:00,783.44,783.72,783.26,783.72,5400
GOOG,2016-10-12 19:30:00,783.07,783.41,782.595,783.41,1750
GOOG,2016-10-12 19:32:00,782.43,782.91,782.43,782.91,1487
GOOG,2016-10-12 19:34:00,782.43,782.62,782.29,782.32,2200
GOOG,2016-10-12 19:36:00,782.07,782.66,782.07,782.56,5430
GOOG,2016-10-12 19:38:00,782.51,782.51,781.66,781.995,3291
GOOG,2016-10-12 19:40:00,782.49,782.53,782.25,782.38,2000
GOOG,2016-10-12 19:42:00,782.3626,783.24,782.27,782.48,2933
GOOG,2016-10-12 19:44:00,782.3,782.945,782,782.32,5273
GOOG,2016-10-12 19:46:00,782.68,782.7,782.29,782.29,9198
GOOG,2016-10-12 19:48:00,782.89,783.06,782.51,782.51,2256
GOOG,2016-10-12 19:50:00,783.32,783.9,782.81,783.02,7705
GOOG,2016-10-12 19:52:00,783.17,783.56,782.95,783.3,5532
GOOG,2016-10-12 19:54:00,783.32,783.36,783.06,783.18,4702
GOOG,2016-10-12 19:56:00,783.67,783.89,783.38,783.405,9000
GOOG,2016-10-12 19:58:00,782.84,783.7,782.71,783.678,8791
GOOG,2016-10-12 20:00:00,783.07,783.4,782.65,782.79,103933
MSFT,2016-10-12 13:30:00,58,58.02,57.85,57.89,272572
MSFT,2016-10-12 13:32:00,57.94,58.01,57.9,58,170762
MSFT,2016-10-12 13:34:00,57.89,58,57.86,57.9441,122923
MSFT,2016-10-12 13:36:00,57.91,57.99,57.88,57.895,137337
MSFT,2016-10-12 13:38:00,57.8,57.92,57.79,57.92,193291
MSFT,2016-10-12 13:40:00,57.845,57.875,57.77,57.8,171623
MSFT,2016-10-12 13:42:00,57.78,57.8755,57.78,57.85,146272
MSFT,2016-10-12 13:44:00,57.805,57.83,57.74,57.79,169237
MSFT,2016-10-12 13:46:00,57.785,57.81,57.74,57.81,150149
MSFT,2016-10-12 13:48:00,57.715,57.81,57.715,57.79,121999
MSFT,2016-10-12 13:50:00,57.72,57.77,57.705,57.71,180731
MSFT,2016-10-12 13:52:00,57.6267,57.715,57.541,57.715,321158
MSFT,2016-10-12 13:54:00,57.615,57.67,57.6,57.62,160776
MSFT,2016-10-12 13:56:00,57.6,57.615,57.55,57.615,147206
MSFT,2016-10-12 13:58:00,57.62,57.62,57.5629,57.6,103278
MSFT,2016-10-12 14:00:00,57.57,57.65,57.57,57.62,112493
MSFT,2016-10-12 14:02:00,57.62,57.62,57.5501,57.58,74319
MSFT,2016-10-12 14:04:00,57.62,57.68,57.61,57.62,133235
MSFT,2016-10-12 14:06:00,57.63,57.65,57.63,57.63,81277
MSFT,2016-10-12 14:08:00,57.7,57.7,57.62,57.64,64275
MSFT,2016-10-12 14:10:00,57.71,57.73,57.693,57.7,61220
MSFT,2016-10-12 14:12:00,57.65,57.71,57.64,57.7,89887
MSFT,2016-10-12 14:14:00,57.615,57.65,57.55,57.65,107921
MSFT,2016-10-12 14:16:00,57.615,57.635,57.605,57.62,59562
MSFT,2016-10-12 14:18:00,57.62,57.64,57.585,57.615,100979
MSFT,2016-10-12 14:20:00,57.61,57.65,57.61,57.611,93500
MSFT,2016-10-12 14:22:00,57.67,57.68,57.6,57.615,92037
MSFT,2016-10-12 14:24:00,57.62,57.675,57.62,57.675,70240
MSFT,2016-10-12 14:26:00,57.66,57.68,57.625,57.63,56202
MSFT,2016-10-12 14:28:00,57.7,57.7,57.66,57.66,52483
MSFT,2016-10-12 14:30:00,57.695,57.73,57.65,57.7,76662
MSFT,2016-10-12 14:32:00,57.69,57.715,57.68,57.695,43375
MSFT,2016-10-12 14:34:00,57.71,57.73,57.69,57.7,107257
MSFT,2016-10-12 14:36:00,57.685,57.7269,57.68,57.71,34837
MSFT,2016-10-12 14:38:00,57.66,57.69,57.655,57.689,47107
MSFT,2016-10-12 14:40:00,57.655,57.68,57.65,57.67,39934
MSFT,2016-10-12 14:42:00,57.68,57.69,57.65,57.65,74844
MSFT,2016-10-12 14:44:00,57.69,57.7,57.675,57.6864,50430
MSFT,2016-10-12 14:46:00,57.695,57.72,57.68,57.69,56166
MSFT,2016-10-12 14:48:00,57.675,57.7,57.66,57.7,59269
MSFT,2016-10-12 14:50:00,57.67,57.685,57.66,57.675,40113
MSFT,2016-10-12 14:52:00,57.595,57.675,57.59,57.675,93207
MSFT,2016-10-12 14:54:00,57.595,57.61,57.59,57.59,49645
MSFT,2016-10-12 14:56:00,57.595,57.61,57.59,57.6,46014
MSFT,2016-10-12 14:58:00,57.585,57.61,57.581,57.6,69331
MSFT,2016-10-12 15:00:00,57.515,57.585,57.5,57.58,155024
MSFT,2016-10-12 15:02:00,57.51,57.52,57.5,57.51,50225
MSFT,2016-10-12 15:04:00,57.465,57.51,57.41,57.505,157783
MSFT,2016-10-12 15:06:00,57.51,57.51,57.46,57.46,97517
MSFT,2016-10-12 15:08:00,57.47,57.51,57.455,57.5,58042
MSFT,2016-10-12 15:10:00,57.5,57.505,57.45,57.465,70466
MSFT,2016-10-12 15:12:00,57.495,57.525,57.475,57.5,50442
MSFT,2016-10-12 15:14:00,57.5,57.515,57.48,57.49,63380
MSFT,2016-10-12 15:16:00,57.465,57.5,57.445,57.5,57571
MSFT,2016-10-12 15:18:00,57.445,57.47,57.44,57.46,73856
MSFT,2016-10-12 15:20:00,57.42,57.445,57.38,57.44,157847
MSFT,2016-10-12 15:22:00,57.4,57.42,57.375,57.42,53430
MSFT,2016-10-12 15:24:00,57.345,57.41,57.34,57.4,77612
MSFT,2016-10-12 15:26:00,57.395,57.405,57.33,57.34,135413
MSFT,2016-10-12 15:28:00,57.345,57.4,57.34,57.4,95749
MSFT,2016-10-12 15:30:00,57.29,57.355,57.27,57.34,148149
MSFT,2016-10-12 15:32:00,57.36,57.37,57.285,57.285,134132
MSFT,2016-10-12 15:34:00,57.356,57.385,57.3511,57.355,54191
MSFT,2016-10-12 15:36:00,57.325,57.39,57.32,57.35,58068
MSFT,2016-10-12 15:38:00,57.33,57.35,57.3,57.325,87446
MSFT,2016-10-12 15:40:00,57.33,57.33,57.31,57.33,48177
MSFT,2016-10-12 15:42:00,57.32,57.33,57.302,57.32,65500
MSFT,2016-10-12 15:44:00,57.345,57.355,57.32,57.325,50731
MSFT,2016-10-12 15:46:00,57.31,57.3799,57.31,57.35,67340
MSFT,2016-10-12 15:48:00,57.3052,57.32,57.3,57.31,39395
MSFT,2016-10-12 15:50:00,57.285,57.31,57.26,57.305,99990
MSFT,2016-10-12 15:52:00,57.29,57.31,57.27,57.28,82394
MSFT,2016-10-12 15:54:00,57.315,57.315,57.27,57.29,59102
MSFT,2016-10-12 15:56:00,57.325,57.34,57.305,57.32,56546
MSFT,2016-10-12 15:58:00,57.34,57.34,57.28,57.33,55986
MSFT,2016-10-12 16:00:00,57.33,57.35,57.31,57.335,53900
MSFT,2016-10-12 16:02:00,57.33,57.34,57.32,57.33,41525
MSFT,2016-10-12 16:04:00,57.299,57.335,57.28,57.335,51634
MSFT,2016-10-12 16:06:00,57.29,57.31,57.28,57.29,64490
MSFT,2016-10-12 16:08:00,57.31,57.325,57.285,57.29,32980
MSFT,2016-10-12 16:10:00,57.31,57.32,57.3,57.31,28023
MSFT,2016-10-12 16:12:00,57.27,57.31,57.27,57.3,62724
MSFT,2016-10-12 16:14:00,57.33,57.35,57.28,57.28,34219
MSFT,2016-10-12 16:16:00,57.32,57.34,57.29,57.3366,62669
MSFT,2016-10-12 16:18:00,57.33,57.34,57.305,57.32,50451
MSFT,2016-10-12 16:20:00,57.3751,57.385,57.325,57.325,43005
MSFT,2016-10-12 16:22:00,57.31,57.38,57.31,57.375,55748
MSFT,2016-10-12 16:24:00,57.29,57.3264,57.29,57.31,64053
MSFT,2016-10-12 16:26:00,57.314,57.33,57.28,57.29,42455
MSFT,2016-10-12 16:28:00,57.32,57.32,57.295,57.315,46180
MSFT,2016-10-12 16:30:00,57.295,57.335,57.29,57.32,84417
MSFT,2016-10-12 16:32:00,57.27,57.3,57.27,57.295,33592
MSFT,2016-10-12 16:34:00,57.265,57.2762,57.26,57.27,37563
MSFT,2016-10-12 16:36:00,57.215,57.26,57.21,57.26,126301
MSFT,2016-10-12 16:38:00,57.16,57.22,57.16,57.22,115527
MSFT,2016-10-12 16:40:00,57.22,57.22,57.1601,57.1601,122032
MSFT,2016-10-12 16:42:00,57.275,57.3099,57.21,57.21,195205
MSFT,2016-10-12 16:44:00,57.27,57.3,57.27,57.28,79168
MSFT,2016-10-12 16:46:00,57.31,57.32,57.27,57.275,97856
MSFT,2016-10-12 16:48:00,57.335,57.36,57.3,57.32,128529
MSFT,2016-10-12 16:50:00,57.3047,57.355,57.3047,57.335,107255
MSFT,2016-10-12 16:52:00,57.3,57.31,57.28,57.31,62544
MSFT,2016-10-12 16:54:00,57.27,57.305,57.26,57.3,68349
MSFT,2016-10-12 16:56:00,57.26,57.27,57.23,57.27,58770
MSFT,2016-10-12 16:58:00,57.235,57.27,57.225,57.255,43667
MSFT,2016-10-12 17:00:00,57.255,57.27,57.23,57.23,38648
MSFT,2016-10-12 17:02:00,57.21,57.255,57.1641,57.255,85814
MSFT,2016-10-12 17:04:00,57.21,57.23,57.17,57.2,53972
MSFT,2016-10-12 17:06:00,57.205,57.22,57.18,57.21,37241
MSFT,2016-10-12 17:08:00,57.2,57.215,57.19,57.21,51707
MSFT,2016-10-12 17:10:00,57.17,57.2,57.13,57.1941,112230
MSFT,2016-10-12 17:12:00,57.16,57.18,57.13,57.17,102824
MSFT,2016-10-12 17:14:00,57.13,57.165,57.08,57.16,166975
MSFT,2016-10-12 17:16:00,57.08,57.1266,57.08,57.1266,86506
MSFT,2016-10-12 17:18:00,57.11,57.12,57.05,57.08,99607
MSFT,2016-10-12 17:20:00,57.12,57.14,57.085,57.11,72482
MSFT,2016-10-12 17:22:00,57.135,57.15,57.11,57.13,28546
MSFT,2016-10-12 17:24:00,57.1641,57.165,57.121,57.14,76946
MSFT,2016-10-12 17:26:00,57.145,57.17,57.14,57.165,47408
MSFT,2016-10-12 17:28:00,57.16,57.18,57.145,57.15,43740
MSFT,2016-10-12 17:30:00,57.14,57.18,57.14,57.1698,70501
MSFT,2016-10-12 17:32:00,57.095,57.1456,57.095,57.1456,49055
MSFT,2016-10-12 17:34:00,57.17,57.18,57.08,57.1,76515
MSFT,2016-10-12 17:36:00,57.16,57.18,57.14,57.17,78384
MSFT,2016-10-12 17:38:00,57.145,57.19,57.14,57.15,101199
MSFT,2016-10-12 17:40:00,57.135,57.15,57.115,57.15,54700
MSFT,2016-10-12 17:42:00,57.145,57.15,57.115,57.14,63965
MSFT,2016-10-12 17:44:00,57.1448,57.17,57.14,57.15,49567
MSFT,2016-10-12 17:46:00,57.07,57.15,57.07,57.14,123761
MSFT,2016-10-12 17:48:00,57.12,57.13,57.06,57.07,68904
MSFT,2016-10-12 17:50:00,57.105,57.17,57.09,57.11,351548
MSFT,2016-10-12 17:52:00,57.115,57.15,57.1,57.105,111985
MSFT,2016-10-12 17:54:00,57.125,57.145,57.1,57.115,94260
MSFT,2016-10-12 17:56:00,57.155,57.155,57.1,57.13,143626
MSFT,2016-10-12 17:58:00,57.155,57.16,57.1,57.16,242470
MSFT,2016-10-12 18:00:00,57.175,57.18,57.14,57.155,202700
MSFT,2016-10-12 18:02:00,57.17,57.19,57.15,57.175,76519
MSFT,2016-10-12 18:04:00,57.17,57.19,57.16,57.17,51152
MSFT,2016-10-12 18:06:00,57.135,57.195,57.13,57.17,81635
MSFT,2016-10-12 18:08:00,57.05,57.13,57.05,57.13,459996
MSFT,2016-10-12 18:10:00,57.065,57.09,57.045,57.05,695789
MSFT,2016-10-12 18:12:00,57.07,57.09,57.04,57.07,103688
MSFT,2016-10-12 18:14:00,57.07,57.08,57.04,57.07,101322
MSFT,2016-10-12 18:16:00,57.0227,57.09,57.02,57.08,87431
MSFT,2016-10-12 18:18:00,56.96,57.03,56.93,57.03,183341
MSFT,2016-10-12 18:20:00,56.92,56.98,56.91,56.96,149244
MSFT,2016-10-12 18:22:00,56.945,56.96,56.89,56.929,79092
MSFT,2016-10-12 18:24:00,56.97,56.9857,56.94,56.95,104400
MSFT,2016-10-12 18:26:00,56.985,57.025,56.97,56.97,99830
MSFT,2016-10-12 18:28:00,56.945,56.9886,56.93,56.985,191593
MSFT,2016-10-12 18:30:00,57,57,56.945,56.95,99915
MSFT,2016-10-12 18:32:00,56.99,57.02,56.98,57,136591
MSFT,2016-10-12 18:34:00,57.005,57.03,56.99,56.995,65503
MSFT,2016-10-12 18:36:00,57.04,57.04,57,57.01,52660
MSFT,2016-10-12 18:38:00,57.01,57.05,57.01,57.04,120835
MSFT,2016-10-12 18:40:00,57.03,57.04,56.99,57.01,138214
MSFT,2016-10-12 18:42:00,57.0499,57.06,57.01,57.04,91770
MSFT,2016-10-12 18:44:00,57.014,57.065,57.01,57.05,41625
MSFT,2016-10-12 18:46:00,57.086,57.09,57.0135,57.015,79499
MSFT,2016-10-12 18:48:00,57.1,57.12,57.075,57.085,77801
MSFT,2016-10-12 18:50:00,57.14,57.14,57.09,57.095,68367
MSFT,2016-10-12 18:52:00,57.11,57.135,57.1,57.135,74132
MSFT,2016-10-12 18:54:00,57.0799,57.12,57.06,57.1175,97536
MSFT,2016-10-12 18:56:00,57.065,57.08,57.05,57.075,50437
MSFT,2016-10-12 18:58:00,57.015,57.08,57.01,57.07,81562
MSFT,2016-10-12 19:00:00,57.025,57.06,57,57.01,77398
MSFT,2016-10-12 19:02:00,57.04,57.0499,57.01,57.02,100144
MSFT,2016-10-12 19:04:00,57.06,57.0785,57.035,57.0475,57403
MSFT,2016-10-12 19:06:00,57.05,57.07,57.03,57.065,83967
MSFT,2016-10-12 19:08:00,57.015,57.049,57.005,57.04,92258
MSFT,2016-10-12 19:10:00,57.05,57.07,57.01,57.015,62317
MSFT,2016-10-12 19:12:00,57.05,57.0701,57.04,57.055,73710
MSFT,2016-10-12 19:14:00,57.09,57.0998,57.05,57.05,93393
MSFT,2016-10-12 19:16:00,57.04,57.1,57.025,57.08,140991
MSFT,2016-10-12 19:18:00,57.0562,57.077,57.04,57.04,51445
MSFT,2016-10-12 19:20:00,57.11,57.12,57.05,57.06,358917
MSFT,2016-10-12 19:22:00,57.12,57.14,57.1,57.12,103982
MSFT,2016-10-12 19:24:00,57.135,57.135,57.1,57.12,109747
MSFT,2016-10-12 19:26:00,57.1352,57.16,57.12,57.1301,130517
MSFT,2016-10-12 19:28:00,57.1,57.135,57.1,57.1317,350331
MSFT,2016-10-12 19:30:00,57.11,57.11,57.07,57.1,97001
MSFT,2016-10-12 19:32:00,57.13,57.13,57.09,57.11,103666
MSFT,2016-10-12 19:34:00,57.18,57.19,57.12,57.125,160583
MSFT,2016-10-12 19:36:00,57.14,57.19,57.11,57.19,155887
MSFT,2016-10-12 19:38:00,57.185,57.1998,57.115,57.145,134941
MSFT,2016-10-12 19:40:00,57.175,57.19,57.15,57.185,162947
MSFT,2016-10-12 19:42:00,57.15,57.205,57.14,57.19,270708
MSFT,2016-10-12 19:44:00,57.135,57.16,57.11,57.15,144549
MSFT,2016-10-12 19:46:00,57.1575,57.1575,57.13,57.13,146510
MSFT,2016-10-12 19:48:00,57.15,57.16,57.14,57.15,151211
MSFT,2016-10-12 19:50:00,57.205,57.22,57.15,57.15,259896
MSFT,2016-10-12 19:52:00,57.19,57.21,57.17,57.21,177252
MSFT,2016-10-12 19:54:00,57.195,57.21,57.18,57.19,209688
MSFT,2016-10-12 19:56:00,57.175,57.2,57.16,57.195,261829
MSFT,2016-10-12 19:58:00,57.17,57.2,57.17,57.175,312126
MSFT,2016-10-12 20:00:00,57.19,57.23,57.155,57.175,3349845
TSLA,2016-10-12 13:30:00,201.85,201.85,201.85,201.85,28891
TSLA,2016-10-12 13:32:00,201.78,202.2,201.51,201.91,17708
TSLA,2016-10-12 13:34:00,201.066,201.91,200.84,201.91,20170
TSLA,2016-10-12 13:36:00,201.6,201.6876,200.91,200.91,17860
TSLA,2016-10-12 13:38:00,201.585,201.78,201.4,201.54,9556
TSLA,2016-10-12 13:40:00,201.7775,201.98,201.48,201.48,10462
TSLA,2016-10-12 13:42:00,201.823,202.05,201.68,201.7738,25554
TSLA,2016-10-12 13:44:00,201.88,201.9199,201.51,201.75,9230
TSLA,2016-10-12 13:46:00,201.74,201.9,201.66,201.88,16542
TSLA,2016-10-12 13:48:00,201.7,201.799,201.48,201.74,16521
TSLA,2016-10-12 13:50:00,201.5899,201.76,201.33,201.65,12830
TSLA,2016-10-12 13:52:00,200.865,201.359,200.75,201.33,23571
TSLA,2016-10-12 13:54:00,201,201.1485,200.8,200.87,7950
TSLA,2016-10-12 13:56:00,200.86,201,200.79,200.9,11060
TSLA,2016-10-12 13:58:00,201.04,201.2031,200.75,200.9055,11788
TSLA,2016-10-12 14:00:00,201.005,201.16,200.811,200.958,7933
TSLA,2016-10-12 14:02:00,201.98,202.01,200.945,200.96,41702
TSLA,2016-10-12 14:04:00,201.33,201.7655,201.2425,201.7655,8775
TSLA,2016-10-12 14:06:00,201.833,201.98,201.204,201.204,19278
TSLA,2016-10-12 14:08:00,201.762,201.88,201.54,201.7,17352
TSLA,2016-10-12 14:10:00,201.8325,202,201.79,201.79,13584
TSLA,2016-10-12 14:12:00,201.5075,201.8662,201.5,201.86,7514
TSLA,2016-10-12 14:14:00,201.33,201.51,201.155,201.4,22748
TSLA,2016-10-12 14:16:00,201.145,201.44,201.05,201.3881,9179
TSLA,2016-10-12 14:18:00,201.06,201.17,201.03,201.12,7801
TSLA,2016-10-12 14:20:00,200.965,201.1389,200.9,201.0826,8345
TSLA,2016-10-12 14:22:00,200.74,200.95,200.62,200.95,22220
TSLA,2016-10-12 14:24:00,200.4,200.8,200.2,200.8,34829
TSLA,2016-10-12 14:26:00,198.74,200.5,198.58,200.425,94208
TSLA,2016-10-12 14:28:00,198.79,199.06,198.37,198.6,56070
TSLA,2016-10-12 14:30:00,199.02,199.5,198.56,198.784,35394
TSLA,2016-10-12 14:32:00,198.3201,199.14,198.31,198.94,32559
TSLA,2016-10-12 14:34:00,199.49,199.49,198.42,198.43,35625
TSLA,2016-10-12 14:36:00,199.04,199.71,199,199.54,18197
TSLA,2016-10-12 14:38:00,199.1,199.24,199,199.13,9332
TSLA,2016-10-12 14:40:00,199.37,199.71,199.14,199.16,22744
TSLA,2016-10-12 14:42:00,199.49,199.49,199.26,199.4275,5650
TSLA,2016-10-12 14:44:00,199.69,199.75,199.4311,199.51,5081
TSLA,2016-10-12 14:46:00,199.21,199.88,199.14,199.71,17854
TSLA,2016-10-12 14:48:00,199.115,199.52,199.07,199.298,11676
TSLA,2016-10-12 14:50:00,199.97,199.98,199.1932,199.1932,7499
TSLA,2016-10-12 14:52:00,199.36,199.97,199.31,199.97,3120
TSLA,2016-10-12 14:54:00,199.52,199.59,199.2414,199.36,10383
TSLA,2016-10-12 14:56:00,199.72,199.99,199.58,199.58,8304
TSLA,2016-10-12 14:58:00,199.47,199.85,199.47,199.655,6198
TSLA,2016-10-12 15:00:00,199.39,199.63,199.35,199.5,6953
TSLA,2016-10-12 15:02:00,199.21,199.4825,199.21,199.44,6554
TSLA,2016-10-12 15:04:00,199.43,199.43,199.11,199.22,7061
TSLA,2016-10-12 15:06:00,199.855,199.99,199.38,199.53,22247
TSLA,2016-10-12 15:08:00,200.815,200.83,199.7095,199.9699,22744
TSLA,2016-10-12 15:10:00,200.1878,200.795,200.08,200.67,13522
TSLA,2016-10-12 15:12:00,200.1845,200.23,199.95,200.1,3350
TSLA,2016-10-12 15:14:00,200.58,200.655,200.11,200.12,8500
TSLA,2016-10-12 15:16:00,200.735,200.76,200.26,200.5,13019
TSLA,2016-10-12 15:18:00,200.41,200.6725,200.41,200.6725,2647
TSLA,2016-10-12 15:20:00,200.38,200.59,200.17,200.5254,9281
TSLA,2016-10-12 15:22:00,200.17,200.32,200.05,200.32,5700
TSLA,2016-10-12 15:24:00,200.1466,200.4,200.01,200.0676,6798
TSLA,2016-10-12 15:26:00,200.96,200.96,200.272,200.272,12839
TSLA,2016-10-12 15:28:00,200.67,200.94,200.54,200.91,9694
TSLA,2016-10-12 15:30:00,200.45,200.655,200.21,200.655,6934
TSLA,2016-10-12 15:32:00,200.41,200.7,200.4,200.4,18162
TSLA,2016-10-12 15:34:00,200.185,200.48,200.185,200.455,6000
TSLA,2016-10-12 15:36:00,200.06,200.23,200.06,200.15,4383
TSLA,2016-10-12 15:38:00,199.88,200.1599,199.88,200.001,2576
TSLA,2016-10-12 15:40:00,200.0344,200.04,199.85,199.91,4020
TSLA,2016-10-12 15:42:00,199.85,200.06,199.85,200.06,3834
TSLA,2016-10-12 15:44:00,199.765,200,199.71,199.86,13343
TSLA,2016-10-12 15:46:00,200.069,200.26,199.775,199.8075,12775
TSLA,2016-10-12 15:48:00,199.735,200,199.735,200,3346
TSLA,2016-10-12 15:50:00,199.281,199.77,199.21,199.73,32118
TSLA,2016-10-12 15:52:00,199.3099,199.52,199.28,199.4425,3800
TSLA,2016-10-12 15:54:00,199.55,199.63,199.2447,199.2447,5069
TSLA,2016-10-12 15:56:00,199.8632,199.89,199.5947,199.5947,1830
TSLA,2016-10-12 15:58:00,199.93,199.94,199.75,199.9,6126
TSLA,2016-10-12 16:00:00,199.975,200.02,199.92,199.92,2300
TSLA,2016-10-12 16:02:00,199.82,199.9155,199.82,199.88,700
TSLA,2016-10-12 16:04:00,199.7,199.9111,199.7,199.82,4986
TSLA,2016-10-12 16:06:00,199.83,199.94,199.726,199.726,3800
TSLA,2016-10-12 16:08:00,199.6348,199.9399,199.6348,199.9399,1288
TSLA,2016-10-12 16:10:00,199.8,199.88,199.7,199.7772,5371
TSLA,2016-10-12 16:12:00,199.7,199.84,199.7,199.84,2523
TSLA,2016-10-12 16:14:00,199.84,199.84,199.65,199.6992,3700
TSLA,2016-10-12 16:16:00,199.85,200.089,199.85,199.9,3400
TSLA,2016-10-12 16:18:00,200.0701,200.303,199.92,199.92,4095
TSLA,2016-10-12 16:20:00,200.4,200.4256,200.2116,200.2188,5025
TSLA,2016-10-12 16:22:00,200.19,200.3938,200.19,200.3708,8398
TSLA,2016-10-12 16:24:00,200.02,200.246,200.02,200.246,1700
TSLA,2016-10-12 16:26:00,200.08,200.09,199.87,200.0011,3700
TSLA,2016-10-12 16:28:00,199.9,199.9826,199.9,199.9826,420
TSLA,2016-10-12 16:30:00,199.8729,199.8729,199.8,199.8,318
TSLA,2016-10-12 16:32:00,200.2517,200.3,199.8872,199.8872,7479
TSLA,2016-10-12 16:34:00,200.16,200.285,200.16,200.252,2000
TSLA,2016-10-12 16:36:00,200.12,200.3,200.12,200.16,1122
TSLA,2016-10-12 16:38:00,200,200.09,200,200.0682,1000
TSLA,2016-10-12 16:40:00,200.23,200.23,199.81,199.86,4854
TSLA,2016-10-12 16:42:00,200.21,200.51,200.21,200.23,5700
TSLA,2016-10-12 16:44:00,200.19,200.27,200.18,200.24,3105
TSLA,2016-10-12 16:46:00,200.21,200.21,200.04,200.1173,2300
TSLA,2016-10-12 16:48:00,200.32,200.41,200.2,200.2404,4900
TSLA,2016-10-12 16:50:00,200.22,200.34,200.2,200.34,1100
TSLA,2016-10-12 16:52:00,200.21,200.238,200.15,200.238,1850
TSLA,2016-10-12 16:54:00,200.32,200.32,200.2,200.2,9731
TSLA,2016-10-12 16:56:00,200.1982,200.3,200.1982,200.3,3044
TSLA,2016-10-12 16:58:00,200.11,200.11,200.11,200.11,2000
TSLA,2016-10-12 17:00:00,200.25,200.34,200.08,200.1201,4195
TSLA,2016-10-12 17:02:00,200.11,200.2,200,200.15,4600
TSLA,2016-10-12 17:04:00,200.13,200.29,200.0336,200.0336,4900
TSLA,2016-10-12 17:06:00,200.0254,200.08,199.95,200.08,620
TSLA,2016-10-12 17:08:00,200.07,200.07,200.07,200.07,100
TSLA,2016-10-12 17:10:00,200.02,200.09,199.826,200.0012,4365
TSLA,2016-10-12 17:12:00,200,200,199.92,199.92,2806
TSLA,2016-10-12 17:14:00,200.0953,200.0953,199.835,199.95,4082
TSLA,2016-10-12 17:16:00,199.85,199.94,199.7801,199.7801,700
TSLA,2016-10-12 17:18:00,199.9692,200.04,199.78,199.78,7068
TSLA,2016-10-12 17:20:00,199.9,199.99,199.84,199.99,2000
TSLA,2016-10-12 17:22:00,199.76,199.76,199.75,199.75,950
TSLA,2016-10-12 17:24:00,199.9,199.9,199.66,199.76,3890
TSLA,2016-10-12 17:26:00,199.88,200.05,199.81,199.81,10649
TSLA,2016-10-12 17:28:00,200.48,200.48,199.94,199.94,16165
TSLA,2016-10-12 17:30:00,200.48,200.55,200.27,200.48,27395
TSLA,2016-10-12 17:32:00,200.6,200.67,200.35,200.47,8895
TSLA,2016-10-12 17:34:00,200.77,200.89,200.3601,200.56,12379
TSLA,2016-10-12 17:36:00,201.2,201.35,200.77,200.77,31505
TSLA,2016-10-12 17:38:00,200.9,201.23,200.75,201.1794,23766
TSLA,2016-10-12 17:40:00,200.4,201.05,200.4,200.91,35913
TSLA,2016-10-12 17:42:00,200.2491,200.39,200.171,200.3,4650
TSLA,2016-10-12 17:44:00,200.4549,200.59,200.3067,200.32,7128
TSLA,2016-10-12 17:46:00,200.23,200.51,200.23,200.39,6049
TSLA,2016-10-12 17:48:00,200.065,200.27,200.05,200.2,6896
TSLA,2016-10-12 17:50:00,200.1113,200.29,200.06,200.06,6334
TSLA,2016-10-12 17:52:00,200.11,200.4299,200.1,200.21,9660
TSLA,2016-10-12 17:54:00,200.06,200.1489,200,200.0996,6851
TSLA,2016-10-12 17:56:00,200.02,200.11,199.9,200.02,5984
TSLA,2016-10-12 17:58:00,200.2,200.27,200.084,200.15,6115
TSLA,2016-10-12 18:00:00,200.01,200.219,200.01,200.1847,4513
TSLA,2016-10-12 18:02:00,200.29,200.415,200.015,200.015,3630
TSLA,2016-10-12 18:04:00,200.25,200.46,200.25,200.46,2393
TSLA,2016-10-12 18:06:00,200.15,200.31,200.15,200.2,1498
TSLA,2016-10-12 18:08:00,200.21,200.34,200.14,200.15,6129
TSLA,2016-10-12 18:10:00,200.36,200.3636,200.26,200.31,3900
TSLA,2016-10-12 18:12:00,200.6,200.61,200.27,200.44,12949
TSLA,2016-10-12 18:14:00,200.83,200.83,200.4494,200.5,14722
TSLA,2016-10-12 18:16:00,200.56,200.885,200.56,200.83,10724
TSLA,2016-10-12 18:18:00,200.5,200.64,200.3601,200.63,8616
TSLA,2016-10-12 18:20:00,200.24,200.55,200.24,200.5,15913
TSLA,2016-10-12 18:22:00,200.46,200.55,200.17,200.22,12041
TSLA,2016-10-12 18:24:00,200.13,200.53,200.13,200.41,5500
TSLA,2016-10-12 18:26:00,200.3199,200.3199,200.24,200.24,1049
TSLA,2016-10-12 18:28:00,199.909,200.2,199.86,200.2,9456
TSLA,2016-10-12 18:30:00,199.94,199.95,199.85,199.93,2370
TSLA,2016-10-12 18:32:00,199.53,199.885,199.53,199.88,12780
TSLA,2016-10-12 18:34:00,199.5854,199.62,199.51,199.51,5959
TSLA,2016-10-12 18:36:00,199.66,199.6754,199.55,199.61,4725
TSLA,2016-10-12 18:38:00,199.3902,199.65,199.38,199.6301,8304
TSLA,2016-10-12 18:40:00,199.4961,199.55,199.4101,199.4345,3292
TSLA,2016-10-12 18:42:00,199.8,199.8899,199.51,199.575,6043
TSLA,2016-10-12 18:44:00,199.696,199.97,199.61,199.79,2305
TSLA,2016-10-12 18:46:00,199.78,199.83,199.61,199.82,2700
TSLA,2016-10-12 18:48:00,199.7,199.86,199.65,199.745,2300
TSLA,2016-10-12 18:50:00,199.68,199.78,199.68,199.76,2600
TSLA,2016-10-12 18:52:00,199.51,199.72,199.45,199.72,6662
TSLA,2016-10-12 18:54:00,199.59,199.59,199.4999,199.5478,2600
TSLA,2016-10-12 18:56:00,199.8144,199.83,199.5668,199.65,13672
TSLA,2016-10-12 18:58:00,199.42,199.74,199.42,199.74,3543
TSLA,2016-10-12 19:00:00,199.4016,199.479,199.36,199.3808,4288
TSLA,2016-10-12 19:02:00,199.32,199.45,199.32,199.395,4700
TSLA,2016-10-12 19:04:00,199.32,199.41,199.29,199.31,9251
TSLA,2016-10-12 19:06:00,199.24,199.35,199.24,199.33,4441
TSLA,2016-10-12 19:08:00,199.19,199.29,199.19,199.21,2478
TSLA,2016-10-12 19:10:00,199.36,199.39,199.18,199.18,3511
TSLA,2016-10-12 19:12:00,199.315,199.39,199.2677,199.36,1350
TSLA,2016-10-12 19:14:00,199.49,199.52,199.27,199.28,4832
TSLA,2016-10-12 19:16:00,199.4172,199.55,199.36,199.4701,6179
TSLA,2016-10-12 19:18:00,199.35,199.41,199.29,199.4,3160
TSLA,2016-10-12 19:20:00,199.6,199.64,199.35,199.35,2850
TSLA,2016-10-12 19:22:00,199.68,199.81,199.56,199.58,9589
TSLA,2016-10-12 19:24:00,199.86,199.8721,199.695,199.7125,4865
TSLA,2016-10-12 19:26:00,199.84,199.89,199.66,199.85,6825
TSLA,2016-10-12 19:28:00,199.94,200.01,199.744,199.879,10775
TSLA,2016-10-12 19:30:00,199.83,199.905,199.65,199.9,10578
TSLA,2016-10-12 19:32:00,199.8,199.89,199.62,199.837,3818
TSLA,2016-10-12 19:34:00,199.77,199.9,199.725,199.725,5092
TSLA,2016-10-12 19:36:00,199.56,199.85,199.56,199.85,4945
TSLA,2016-10-12 19:38:00,199.745,199.809,199.51,199.658,2530
TSLA,2016-10-12 19:40:00,199.62,199.65,199.515,199.65,2700
TSLA,2016-10-12 19:42:00,199.59,199.81,199.59,199.62,2362
TSLA,2016-10-12 19:44:00,199.62,199.656,199.5,199.656,4583
TSLA,2016-10-12 19:46:00,199.6,199.62,199.48,199.62,8266
TSLA,2016-10-12 19:48:00,199.596,199.62,199.45,199.6,6241
TSLA,2016-10-12 19:50:00,199.72,199.72,199.41,199.6,8941
TSLA,2016-10-12 19:52:00,199.71,199.74,199.56,199.7044,12744
TSLA,2016-10-12 19:54:00,199.805,199.8599,199.7,199.72,8514
TSLA,2016-10-12 19:56:00,199.85,200.03,199.7739,199.8,18756
TSLA,2016-10-12 19:58:00,200.04,200.04,199.8,199.81,37449
TSLA,2016-10-12 20:00:00,200.1,200.22,199.89,200.0201,89808
CRM,2016-10-12 13:30:00,73.71,73.92,73.71,73.9,115896
CRM,2016-10-12 13:32:00,73.26,73.9,73.18,73.9,227499
CRM,2016-10-12 13:34:00,73.3,73.52,73.21,73.25,180332
CRM,2016-10-12 13:36:00,73.55,73.57,73.28,73.34,163028
CRM,2016-10-12 13:38:00,73.34,73.6,73.27,73.551,100786
CRM,2016-10-12 13:40:00,73.37,73.43,73.31,73.33,60066
CRM,2016-10-12 13:42:00,73.4,73.5,73.325,73.38,112878
CRM,2016-10-12 13:44:00,73.42,73.45,73.35,73.38,129612
CRM,2016-10-12 13:46:00,73.4671,73.5,73.38,73.42,45760
CRM,2016-10-12 13:48:00,73.295,73.46,73.29,73.46,108082
CRM,2016-10-12 13:50:00,73.59,73.59,73.28,73.29,88385
CRM,2016-10-12 13:52:00,73.4,73.58,73.33,73.58,77667
CRM,2016-10-12 13:54:00,73.19,73.4,73.15,73.4,136886
CRM,2016-10-12 13:56:00,73.01,73.3,73,73.17,215950
CRM,2016-10-12 13:58:00,72.9,73.01,72.84,73.01,182469
CRM,2016-10-12 14:00:00,72.91,72.95,72.87,72.9,65268
CRM,2016-10-12 14:02:00,72.675,72.91,72.64,72.91,105007
CRM,2016-10-12 14:04:00,72.85,72.86,72.64,72.69,153804
CRM,2016-10-12 14:06:00,72.84,72.99,72.825,72.86,143563
CRM,2016-10-12 14:08:00,72.8391,72.88,72.79,72.84,87144
CRM,2016-10-12 14:10:00,72.782,72.88,72.782,72.835,94691
CRM,2016-10-12 14:12:00,72.69,72.84,72.68,72.79,197529
CRM,2016-10-12 14:14:00,72.685,72.705,72.6,72.695,168479
CRM,2016-10-12 14:16:00,72.5499,72.71,72.54,72.69,94816
CRM,2016-10-12 14:18:00,72.3,72.59,72.26,72.54,241896
CRM,2016-10-12 14:20:00,72.13,72.34,72.0904,72.3,282266
CRM,2016-10-12 14:22:00,72.475,72.49,72.12,72.13,178373
CRM,2016-10-12 14:24:00,72.45,72.53,72.44,72.47,85963
CRM,2016-10-12 14:26:00,72.37,72.46,72.32,72.45,110208
CRM,2016-10-12 14:28:00,72.38,72.44,72.31,72.37,63127
CRM,2016-10-12 14:30:00,72.63,72.68,72.38,72.38,97771
CRM,2016-10-12 14:32:00,72.7,72.72,72.58,72.625,85353
CRM,2016-10-12 14:34:00,72.5575,72.71,72.55,72.7,115728
CRM,2016-10-12 14:36:00,72.53,72.57,72.47,72.56,93970
CRM,2016-10-12 14:38:00,72.69,72.7,72.52,72.53,71279
CRM,2016-10-12 14:40:00,72.84,72.91,72.67,72.69,49036
CRM,2016-10-12 14:42:00,72.92,72.99,72.8,72.83,73863
CRM,2016-10-12 14:44:00,73.02,73.04,72.905,72.91,37894
CRM,2016-10-12 14:46:00,73.2,73.22,72.98,73.03,92114
CRM,2016-10-12 14:48:00,73.03,73.29,72.9696,73.2,84131
CRM,2016-10-12 14:50:00,72.99,73.07,72.96,73.07,33822
CRM,2016-10-12 14:52:00,73.05,73.09,72.96,72.985,104336
CRM,2016-10-12 14:54:00,72.78,73.06,72.78,73.02,77294
CRM,2016-10-12 14:56:00,72.725,72.77,72.65,72.77,40565
CRM,2016-10-12 14:58:00,72.63,72.71,72.61,72.71,36216
CRM,2016-10-12 15:00:00,72.505,72.615,72.49,72.615,60814
CRM,2016-10-12 15:02:00,72.6011,72.74,72.46,72.5,80286
CRM,2016-10-12 15:04:00,72.638,72.67,72.58,72.6,57064
CRM,2016-10-12 15:06:00,72.55,72.64,72.51,72.64,36929
CRM,2016-10-12 15:08:00,72.6,72.66,72.53,72.55,38507
CRM,2016-10-12 15:10:00,72.58,72.61,72.54,72.6,37780
CRM,2016-10-12 15:12:00,72.6,72.6,72.56,72.57,22676
CRM,2016-10-12 15:14:00,72.58,72.65,72.57,72.59,40234
CRM,2016-10-12 15:16:00,72.6,72.645,72.55,72.59,79824
CRM,2016-10-12 15:18:00,72.64,72.6652,72.5822,72.59,49014
CRM,2016-10-12 15:20:00,72.64,72.6611,72.61,72.64,46755
CRM,2016-10-12 15:22:00,72.63,72.645,72.61,72.63,46706
CRM,2016-10-12 15:24:00,72.56,72.66,72.535,72.62,118713
CRM,2016-10-12 15:26:00,72.545,72.58,72.5,72.55,63690
CRM,2016-10-12 15:28:00,72.52,72.55,72.5,72.545,110161
CRM,2016-10-12 15:30:00,72.51,72.545,72.45,72.52,146910
CRM,2016-10-12 15:32:00,72.44,72.51,72.42,72.51,89834
CRM,2016-10-12 15:34:00,72.44,72.49,72.44,72.445,46433
CRM,2016-10-12 15:36:00,72.45,72.48,72.4,72.43,157125
CRM,2016-10-12 15:38:00,72.425,72.45,72.405,72.45,110891
CRM,2016-10-12 15:40:00,72.37,72.47,72.315,72.43,129362
CRM,2016-10-12 15:42:00,72.39,72.46,72.34,72.37,114020
CRM,2016-10-12 15:44:00,72.41,72.425,72.38,72.39,42375
CRM,2016-10-12 15:46:00,72.45,72.48,72.4175,72.42,363717
CRM,2016-10-12 15:48:00,72.43,72.48,72.43,72.46,77869
CRM,2016-10-12 15:50:00,72.385,72.435,72.32,72.435,94498
CRM,2016-10-12 15:52:00,72.4,72.42,72.35,72.39,128628
CRM,2016-10-12 15:54:00,72.39,72.44,72.38,72.4,178110
CRM,2016-10-12 15:56:00,72.43,72.435,72.39,72.395,75093
CRM,2016-10-12 15:58:00,72.44,72.45,72.39,72.435,104154
CRM,2016-10-12 16:00:00,72.4,72.44,72.4,72.43,21873
CRM,2016-10-12 16:02:00,72.41,72.43,72.39,72.39,39587
CRM,2016-10-12 16:04:00,72.4,72.4362,72.36,72.42,99116
CRM,2016-10-12 16:06:00,72.41,72.42,72.38,72.4,22865
CRM,2016-10-12 16:08:00,72.42,72.44,72.39,72.42,58448
CRM,2016-10-12 16:10:00,72.42,72.4489,72.3993,72.42,31771
CRM,2016-10-12 16:12:00,72.3498,72.41,72.305,72.41,51772
CRM,2016-10-12 16:14:00,72.37,72.385,72.34,72.345,37404
CRM,2016-10-12 16:16:00,72.355,72.4,72.33,72.38,71473
CRM,2016-10-12 16:18:00,72.38,72.38,72.3,72.355,66582
CRM,2016-10-12 16:20:00,72.41,72.41,72.36,72.38,52724
CRM,2016-10-12 16:22:00,72.31,72.4699,72.3,72.41,366385
CRM,2016-10-12 16:24:00,72.3,72.32,72.26,72.31,44842
CRM,2016-10-12 16:26:00,72.21,72.3165,72.18,72.29,97091
CRM,2016-10-12 16:28:00,72.26,72.26,72.2026,72.2026,29172
CRM,2016-10-12 16:30:00,72.29,72.31,72.265,72.265,28232
CRM,2016-10-12 16:32:00,72.275,72.3,72.26,72.295,47275
CRM,2016-10-12 16:34:00,72.23,72.28,72.2,72.28,50458
CRM,2016-10-12 16:36:00,72.2,72.225,72.19,72.225,24534
CRM,2016-10-12 16:38:00,72.225,72.25,72.19,72.2,43243
CRM,2016-10-12 16:40:00,72.26,72.26,72.22,72.23,53809
CRM,2016-10-12 16:42:00,72.27,72.3,72.24,72.26,37784
CRM,2016-10-12 16:44:00,72.26,72.275,72.23,72.26,62202
CRM,2016-10-12 16:46:00,72.28,72.295,72.25,72.26,43133
CRM,2016-10-12 16:48:00,72.28,72.31,72.27,72.28,24648
CRM,2016-10-12 16:50:00,72.27,72.29,72.27,72.28,22349
CRM,2016-10-12 16:52:00,72.27,72.2822,72.25,72.27,36057
CRM,2016-10-12 16:54:00,72.2,72.275,72.2,72.275,19183
CRM,2016-10-12 16:56:00,72.13,72.2,72.1,72.2,32911
CRM,2016-10-12 16:58:00,72.105,72.14,72.08,72.1202,27679
CRM,2016-10-12 17:00:00,72.05,72.11,72.03,72.11,43194
CRM,2016-10-12 17:02:00,71.97,72.05,71.96,72.05,72340
CRM,2016-10-12 17:04:00,71.98,71.98,71.92,71.975,26012
CRM,2016-10-12 17:06:00,71.93,71.985,71.9,71.9785,35634
CRM,2016-10-12 17:08:00,71.97,71.9799,71.93,71.93,14994
CRM,2016-10-12 17:10:00,71.8756,71.98,71.82,71.98,40268
CRM,2016-10-12 17:12:00,71.82,71.88,71.8159,71.87,19740
CRM,2016-10-12 17:14:00,71.83,71.84,71.78,71.82,22683
CRM,2016-10-12 17:16:00,71.77,71.8472,71.77,71.83,16942
CRM,2016-10-12 17:18:00,71.8,71.81,71.775,71.775,17885
CRM,2016-10-12 17:20:00,71.82,71.84,71.8,71.81,13564
CRM,2016-10-12 17:22:00,71.88,71.88,71.78,71.82,27562
CRM,2016-10-12 17:24:00,71.87,71.89,71.8365,71.89,17766
CRM,2016-10-12 17:26:00,71.91,71.919,71.87,71.87,10911
CRM,2016-10-12 17:28:00,71.97,71.99,71.919,71.92,35668
CRM,2016-10-12 17:30:00,71.88,71.98,71.88,71.98,22378
CRM,2016-10-12 17:32:00,71.85,71.88,71.83,71.88,21496
CRM,2016-10-12 17:34:00,71.94,71.95,71.85,71.86,16656
CRM,2016-10-12 17:36:00,71.93,71.97,71.92,71.936,17861
CRM,2016-10-12 17:38:00,71.9708,71.99,71.93,71.93,15582
CRM,2016-10-12 17:40:00,71.88,71.97,71.87,71.97,27874
CRM,2016-10-12 17:42:00,71.9,71.91,71.8775,71.88,24083
CRM,2016-10-12 17:44:00,71.9,71.91,71.88,71.9066,12555
CRM,2016-10-12 17:46:00,71.78,71.91,71.78,71.9002,47473
CRM,2016-10-12 17:48:00,71.79,71.8,71.76,71.78,34295
CRM,2016-10-12 17:50:00,71.79,71.81,71.77,71.8,40967
CRM,2016-10-12 17:52:00,71.79,71.81,71.78,71.79,25350
CRM,2016-10-12 17:54:00,71.8,71.81,71.7775,71.79,34501
CRM,2016-10-12 17:56:00,71.79,71.84,71.77,71.8,48442
CRM,2016-10-12 17:58:00,71.76,71.795,71.75,71.79,41819
CRM,2016-10-12 18:00:00,71.79,71.79,71.76,71.77,24628
CRM,2016-10-12 18:02:00,71.65,71.8,71.63,71.79,68640
CRM,2016-10-12 18:04:00,71.77,71.8252,71.65,71.65,110911
CRM,2016-10-12 18:06:00,71.69,71.81,71.69,71.78,67985
CRM,2016-10-12 18:08:00,71.74,71.74,71.64,71.67,59135
CRM,2016-10-12 18:10:00,71.74,71.775,71.73,71.745,27479
CRM,2016-10-12 18:12:00,71.735,71.75,71.685,71.735,125966
CRM,2016-10-12 18:14:00,71.61,71.735,71.59,71.735,51510
CRM,2016-10-12 18:16:00,71.61,71.7,71.57,71.62,35683
CRM,2016-10-12 18:18:00,71.59,71.6328,71.5748,71.62,43494
CRM,2016-10-12 18:20:00,71.61,71.62,71.55,71.6,62142
CRM,2016-10-12 18:22:00,71.6265,71.64,71.58,71.595,126705
CRM,2016-10-12 18:24:00,71.62,71.65,71.61,71.62,16071
CRM,2016-10-12 18:26:00,71.71,71.72,71.62,71.62,40310
CRM,2016-10-12 18:28:00,71.77,71.78,71.69,71.71,76964
CRM,2016-10-12 18:30:00,71.84,71.85,71.77,71.775,50224
CRM,2016-10-12 18:32:00,71.91,71.945,71.84,71.85,47550
CRM,2016-10-12 18:34:00,72.01,72.03,71.91,71.91,89946
CRM,2016-10-12 18:36:00,72.015,72.06,72.01,72.01,63361
CRM,2016-10-12 18:38:00,71.96,72.02,71.92,72.01,50764
CRM,2016-10-12 18:40:00,72,72,71.955,71.955,27235
CRM,2016-10-12 18:42:00,71.97,72.01,71.93,72,68407
CRM,2016-10-12 18:44:00,71.99,72,71.97,71.98,23444
CRM,2016-10-12 18:46:00,72.04,72.07,71.98,71.98,42953
CRM,2016-10-12 18:48:00,72.06,72.1,72.03,72.03,27330
CRM,2016-10-12 18:50:00,72.09,72.11,72.06,72.06,21477
CRM,2016-10-12 18:52:00,72.16,72.16,72.07,72.085,97685
CRM,2016-10-12 18:54:00,72.085,72.21,72.08,72.16,96594
CRM,2016-10-12 18:56:00,72.15,72.185,72.09,72.09,70941
CRM,2016-10-12 18:58:00,72.11,72.185,72.11,72.16,73947
CRM,2016-10-12 19:00:00,72.12,72.14,72.11,72.1117,20332
CRM,2016-10-12 19:02:00,72.14,72.16,72.09,72.13,73294
CRM,2016-10-12 19:04:00,72.21,72.21,72.13,72.14,48575
CRM,2016-10-12 19:06:00,72.16,72.21,72.16,72.21,24578
CRM,2016-10-12 19:08:00,72.13,72.18,72.11,72.16,49185
CRM,2016-10-12 19:10:00,72.195,72.215,72.13,72.13,54253
CRM,2016-10-12 19:12:00,72.21,72.25,72.2,72.2,35392
CRM,2016-10-12 19:14:00,72.25,72.26,72.17,72.2,35199
CRM,2016-10-12 19:16:00,72.245,72.26,72.22,72.25,35073
CRM,2016-10-12 19:18:00,72.345,72.3499,72.24,72.245,48429
CRM,2016-10-12 19:20:00,72.4,72.42,72.34,72.35,59268
CRM,2016-10-12 19:22:00,72.36,72.4,72.35,72.4,32607
CRM,2016-10-12 19:24:00,72.4,72.4,72.32,72.36,36448
CRM,2016-10-12 19:26:00,72.41,72.45,72.39,72.4099,58269
CRM,2016-10-12 19:28:00,72.285,72.44,72.285,72.4013,60461
CRM,2016-10-12 19:30:00,72.34,72.34,72.245,72.285,61364
CRM,2016-10-12 19:32:00,72.35,72.39,72.31,72.34,65397
CRM,2016-10-12 19:34:00,72.445,72.452,72.345,72.35,64738
CRM,2016-10-12 19:36:00,72.37,72.45,72.35,72.44,101866
CRM,2016-10-12 19:38:00,72.44,72.45,72.37,72.37,99737
CRM,2016-10-12 19:40:00,72.405,72.45,72.33,72.44,63453
CRM,2016-10-12 19:42:00,72.39,72.41,72.35,72.41,112771
CRM,2016-10-12 19:44:00,72.365,72.41,72.31,72.4,73186
CRM,2016-10-12 19:46:00,72.325,72.375,72.3,72.365,84374
CRM,2016-10-12 19:48:00,72.3999,72.4152,72.32,72.3207,134955
CRM,2016-10-12 19:50:00,72.46,72.51,72.395,72.395,152055
CRM,2016-10-12 19:52:00,72.425,72.48,72.4,72.46,219603
CRM,2016-10-12 19:54:00,72.46,72.47,72.4,72.42,178287
CRM,2016-10-12 19:56:00,72.375,72.465,72.34,72.465,127040
CRM,2016-10-12 19:58:00,72.355,72.425,72.34,72.38,134253
CRM,2016-10-12 20:00:00,72.46,72.47,72.33,72.3501,210239
AMZN,2016-10-12 13:30:00,841,841.05,841,841.02,23034
AMZN,2016-10-12 13:32:00,840.21,841.29,840.0068,841.29,12880
AMZN,2016-10-12 13:34:00,839.05,840.3898,838.93,840.27,24687
AMZN,2016-10-12 13:36:00,838.73,839.43,838.5,838.75,23216
AMZN,2016-10-12 13:38:00,837.925,838.83,837.61,838.83,32398
AMZN,2016-10-12 13:40:00,836.595,837.856,836.21,837.82,54113
AMZN,2016-10-12 13:42:00,836.7875,837.05,836.25,836.7225,51051
AMZN,2016-10-12 13:44:00,837.21,837.47,836.15,836.89,31443
AMZN,2016-10-12 13:46:00,837.3038,837.9075,836.7301,837.52,16851
AMZN,2016-10-12 13:48:00,835.8959,837.432,835.6,837.105,24852
AMZN,2016-10-12 13:50:00,835.68,836.39,835.6601,835.87,20538
AMZN,2016-10-12 13:52:00,834.6,835.704,834.32,835.61,41103
AMZN,2016-10-12 13:54:00,835.29,835.78,834.48,834.48,14536
AMZN,2016-10-12 13:56:00,835.9,835.95,834.7213,835.295,19106
AMZN,2016-10-12 13:58:00,836.94,837.14,835.31,835.96,26827
AMZN,2016-10-12 14:00:00,837.35,837.89,836.855,837.128,25413
AMZN,2016-10-12 14:02:00,836.84,837.54,836.63,837.54,9998
AMZN,2016-10-12 14:04:00,837,837.49,836.562,836.73,10481
AMZN,2016-10-12 14:06:00,837.72,838,837.04,837.087,13544
AMZN,2016-10-12 14:08:00,837.35,838.1407,837.15,837.53,13009
AMZN,2016-10-12 14:10:00,837.39,837.76,837.32,837.56,7544
AMZN,2016-10-12 14:12:00,835.886,837.43,835.55,837.36,28020
AMZN,2016-10-12 14:14:00,834.685,835.94,834.26,835.68,35696
AMZN,2016-10-12 14:16:00,835.8,835.85,834.34,834.96,21580
AMZN,2016-10-12 14:18:00,834.67,835.83,834.61,835.7,14797
AMZN,2016-10-12 14:20:00,834.88,835.24,834.5,834.75,25236
AMZN,2016-10-12 14:22:00,835.234,835.27,834.58,834.85,14078
AMZN,2016-10-12 14:24:00,834.49,834.98,834.26,834.89,16837
AMZN,2016-10-12 14:26:00,834.66,835.2838,834.56,834.8064,7949
AMZN,2016-10-12 14:28:00,834.36,835,834.26,834.94,22745
AMZN,2016-10-12 14:30:00,834.11,834.68,833.8,834.415,25641
AMZN,2016-10-12 14:32:00,834.31,834.803,833.86,833.98,9724
AMZN,2016-10-12 14:34:00,834.7,834.9599,834.02,834.38,7746
AMZN,2016-10-12 14:36:00,834.696,835,834.57,834.85,9011
AMZN,2016-10-12 14:38:00,834.58,834.9,834.385,834.7,15200
AMZN,2016-10-12 14:40:00,834,834.65,833.95,834.65,22101
AMZN,2016-10-12 14:42:00,834.035,834.19,833.7,834,10576
AMZN,2016-10-12 14:44:00,834.11,834.28,833.8,833.95,8470
AMZN,2016-10-12 14:46:00,833.66,834.2096,833.66,834.08,9583
AMZN,2016-10-12 14:48:00,832.64,833.86,832.33,833.63,39340
AMZN,2016-10-12 14:50:00,833.79,833.89,832.6501,832.6501,23422
AMZN,2016-10-12 14:52:00,832.67,833.868,832.67,833.8,15568
AMZN,2016-10-12 14:54:00,832.53,833.069,832.5,832.83,13394
AMZN,2016-10-12 14:56:00,832.87,833.21,832.53,832.85,10430
AMZN,2016-10-12 14:58:00,832.725,833.06,832.53,832.601,14625
AMZN,2016-10-12 15:00:00,832.57,834,832.33,832.88,29662
AMZN,2016-10-12 15:02:00,833.283,833.7513,832.57,832.77,16419
AMZN,2016-10-12 15:04:00,832.51,833.39,832.5,833.375,29819
AMZN,2016-10-12 15:06:00,833.58,833.75,832.44,832.51,13023
AMZN,2016-10-12 15:08:00,833.7499,833.7499,833.27,833.49,5584
AMZN,2016-10-12 15:10:00,833.9,834.05,833.31,833.75,10266
AMZN,2016-10-12 15:12:00,833.7078,833.89,833.38,833.86,7980
AMZN,2016-10-12 15:14:00,834.03,834.05,833.7,833.73,7807
AMZN,2016-10-12 15:16:00,833.6406,834.05,833.6406,834.05,5762
AMZN,2016-10-12 15:18:00,833.5,834.05,833.5,833.855,10133
AMZN,2016-10-12 15:20:00,832.98,833.85,832.98,833.79,19068
AMZN,2016-10-12 15:22:00,832.95,833.13,832.73,833,3979
AMZN,2016-10-12 15:24:00,832.95,833.2999,832.95,833.2999,3822
AMZN,2016-10-12 15:26:00,833.24,833.59,832.99,833.07,3730
AMZN,2016-10-12 15:28:00,832.56,833.333,832.56,833.3,6115
AMZN,2016-10-12 15:30:00,832.94,833.0895,832.43,832.5,7949
AMZN,2016-10-12 15:32:00,833.38,833.38,832.775,832.9399,5561
AMZN,2016-10-12 15:34:00,833.35,833.64,833.13,833.3461,5652
AMZN,2016-10-12 15:36:00,833.8,833.99,833.42,833.42,6946
AMZN,2016-10-12 15:38:00,833.632,833.99,833.632,833.95,9880
AMZN,2016-10-12 15:40:00,833.69,833.83,833.6,833.68,12090
AMZN,2016-10-12 15:42:00,833.24,833.58,833.24,833.57,6759
AMZN,2016-10-12 15:44:00,833.82,833.99,833.29,833.4,15298
AMZN,2016-10-12 15:46:00,834.44,834.95,833.55,833.55,40986
AMZN,2016-10-12 15:48:00,834.94,835.41,834.305,834.44,20965
AMZN,2016-10-12 15:50:00,834.576,834.91,834.305,834.72,5600
AMZN,2016-10-12 15:52:00,833.5498,834.36,833.255,834.36,12682
AMZN,2016-10-12 15:54:00,833.62,833.62,833.13,833.375,4979
AMZN,2016-10-12 15:56:00,833.09,833.5701,833,833.32,11609
AMZN,2016-10-12 15:58:00,833.566,833.79,832.61,833.005,7814
AMZN,2016-10-12 16:00:00,833.5955,833.79,833.31,833.515,6877
AMZN,2016-10-12 16:02:00,833.07,833.6524,832.88,833.45,7003
AMZN,2016-10-12 16:04:00,833.0977,833.1862,832.905,832.97,4501
AMZN,2016-10-12 16:06:00,832.77,833.355,832.651,832.905,5741
AMZN,2016-10-12 16:08:00,832.31,832.9,832.3,832.75,9431
AMZN,2016-10-12 16:10:00,832.55,832.89,832.33,832.36,19499
AMZN,2016-10-12 16:12:00,832.5,832.904,832.39,832.57,10371
AMZN,2016-10-12 16:14:00,832.56,832.979,832.25,832.3,8698
AMZN,2016-10-12 16:16:00,832.25,832.7812,832.25,832.7812,16070
AMZN,2016-10-12 16:18:00,832.36,832.87,832.29,832.37,7530
AMZN,2016-10-12 16:20:00,832.98,832.99,832.23,832.55,5205
AMZN,2016-10-12 16:22:00,832.57,832.92,832.53,832.67,3214
AMZN,2016-10-12 16:24:00,832.8,832.95,832.55,832.55,1994
AMZN,2016-10-12 16:26:00,833.3829,833.62,832.7,832.8,4911
AMZN,2016-10-12 16:28:00,833.288,833.6,833,833.43,6264
AMZN,2016-10-12 16:30:00,833.1997,833.32,833.005,833.22,3694
AMZN,2016-10-12 16:32:00,833.18,833.31,833.04,833.15,3082
AMZN,2016-10-12 16:34:00,833.0044,833.1716,833,833.1463,1916
AMZN,2016-10-12 16:36:00,832.885,833.08,832.845,832.99,1450
AMZN,2016-10-12 16:38:00,833,833.16,832.82,832.88,2821
AMZN,2016-10-12 16:40:00,832.86,832.975,832.5,832.88,5753
AMZN,2016-10-12 16:42:00,832.855,833.25,832.65,832.9,17579
AMZN,2016-10-12 16:44:00,832.53,833,832.51,832.8,12316
AMZN,2016-10-12 16:46:00,833.48,833.48,832.62,832.62,13075
AMZN,2016-10-12 16:48:00,833.64,833.9824,833.251,833.34,7875
AMZN,2016-10-12 16:50:00,833.75,834.13,833.68,833.78,4574
AMZN,2016-10-12 16:52:00,834.0299,834.0299,833.68,833.889,2324
AMZN,2016-10-12 16:54:00,834.05,834.05,833.5,833.885,3126
AMZN,2016-10-12 16:56:00,833.87,833.87,833.185,833.75,3343
AMZN,2016-10-12 16:58:00,833.51,834.19,833.51,833.7908,3312
AMZN,2016-10-12 17:00:00,833.59,833.729,833.16,833.47,3435
AMZN,2016-10-12 17:02:00,832.98,833.36,832.59,833.36,6962
AMZN,2016-10-12 17:04:00,833.4,833.4,832.905,833.07,3380
AMZN,2016-10-12 17:06:00,833.13,833.42,832.805,833.4096,11673
AMZN,2016-10-12 17:08:00,833.12,833.38,833.0916,833.0916,1500
AMZN,2016-10-12 17:10:00,832.6,833.12,832.55,833.12,3260
AMZN,2016-10-12 17:12:00,832.6,833.04,832.502,833,2895
AMZN,2016-10-12 17:14:00,832.8926,833.15,832.3,832.94,25560
AMZN,2016-10-12 17:16:00,832.75,832.86,832.5,832.81,3500
AMZN,2016-10-12 17:18:00,832.7332,832.7332,832.265,832.6,9336
AMZN,2016-10-12 17:20:00,832.701,833.01,832.61,832.62,5178
AMZN,2016-10-12 17:22:00,832.656,832.85,832.2631,832.65,3708
AMZN,2016-10-12 17:24:00,832.61,832.68,832.25,832.52,3300
AMZN,2016-10-12 17:26:00,832.46,832.88,832.4,832.72,4600
AMZN,2016-10-12 17:28:00,832.72,832.72,832.3,832.45,1985
AMZN,2016-10-12 17:30:00,832.975,833.1,832.5,832.63,6819
AMZN,2016-10-12 17:32:00,832.55,833.05,832.35,833.05,3311
AMZN,2016-10-12 17:34:00,832.53,832.75,832.23,832.3,11698
AMZN,2016-10-12 17:36:00,832.87,833.0599,832.56,832.56,13439
AMZN,2016-10-12 17:38:00,832.98,833.05,832.8,832.91,3425
AMZN,2016-10-12 17:40:00,832.77,832.9,832.54,832.9,5854
AMZN,2016-10-12 17:42:00,832.32,832.73,832.32,832.72,4625
AMZN,2016-10-12 17:44:00,832.49,832.74,832.27,832.33,4836
AMZN,2016-10-12 17:46:00,831.45,832.52,831.45,832.52,30560
AMZN,2016-10-12 17:48:00,831.48,831.78,831.3,831.41,7502
AMZN,2016-10-12 17:50:00,831.0675,831.51,830.6602,831.32,19067
AMZN,2016-10-12 17:52:00,830.7,831.28,830.7,830.7872,8469
AMZN,2016-10-12 17:54:00,830.43,830.9249,830.2806,830.7404,13448
AMZN,2016-10-12 17:56:00,829.72,830.56,829.5,830.41,27434
AMZN,2016-10-12 17:58:00,830.48,830.734,829.43,829.775,12949
AMZN,2016-10-12 18:00:00,831.09,831.09,830.24,830.889,11129
AMZN,2016-10-12 18:02:00,830.91,831.4538,830.7334,831.228,8033
AMZN,2016-10-12 18:04:00,831.24,831.3,830.91,830.91,3575
AMZN,2016-10-12 18:06:00,830.93,831.39,830.93,831.1,4961
AMZN,2016-10-12 18:08:00,830.95,831.23,830.62,830.8,6117
AMZN,2016-10-12 18:10:00,831.74,831.75,831.23,831.23,8312
AMZN,2016-10-12 18:12:00,831.48,832.239,831.39,831.75,12663
AMZN,2016-10-12 18:14:00,831.33,831.56,831.2,831.48,3590
AMZN,2016-10-12 18:16:00,831.12,831.9,831.03,831.55,4493
AMZN,2016-10-12 18:18:00,830.5696,831.2656,830.38,831.04,6330
AMZN,2016-10-12 18:20:00,830.45,830.66,830.19,830.38,15561
AMZN,2016-10-12 18:22:00,830.03,830.6699,830.03,830.4222,8778
